time, alt, thrust, weight, ADC_guess, ADC_actual, ADC_adj, ADC_error, A_raw, A_total, A_h, A_v, bigG, V_as, V_horiz_mph, V_vert_inc, V_vert 
0.0, 1, 34202447.7974, 25417828.5900, 0.000230000, 0.00000000, 0.000000, 0.0000000, 1.3456086, 1.3456086, 0.00000000, 0.34827, 0.9973364020, 0.000000, 912.670000, 0.0, 0.00000000
1.0, 7, 34203304.5924, 25314762.7030, 0.000790000, 0.00014134, 0.000230, 0.0000887, 1.3510870, 1.3508570, 0.00000000, 0.35352, 0.9973364012, 7.697562, 912.670000, 11.3, 11.28975829
1.8, 20, 34205292.9642, 25230248.6756, 0.002850000, 0.00047359, 0.000701, 0.0003164, 1.3556467, 1.3549454, 0.00000000, 0.35761, 0.9973363996, 14.093540, 912.670000, 9.4, 20.67052577
3.0, 52, 34210214.5016, 25108630.9290, 0.014200000, 0.00130543, 0.002534, 0.0015446, 1.3622922, 1.3597586, 0.00000000, 0.36242, 0.9973363954, 23.412720, 912.670000, 13.7, 34.33865549
6.0, 208, 34233805.1479, 24799433.2680, 0.032800000, 0.00534220, 0.012655, 0.0088578, 1.3794757, 1.3668202, 0.00000000, 0.36948, 0.9973363756, 47.496293, 912.670000, 35.3, 69.66122953
