time, alt, thrust, weight, ADC_guess, ADC_actual, ADC_adj, ADC_error, A_raw, A_total, A_h, A_v, bigG, V_as, V_horiz_mph, V_vert_inc, V_vert 
0.0, 0, 32781450.5440, 25417828.5900, 0.000000476, 0.00000000, 0.000000, 0.0000000, 1.2804871, 1.2804871, 0.00000000, 0.28315, 0.9973364021, 0.000000, 912.670000, 0.0, 0.00000000
