time, alt, thrust, weight, ADC_guess, ADC_actual, ADC_adj, ADC_error, A_raw, A_total, A_h, A_v, bigG, V_as, V_horiz_mph, V_vert_inc, V_vert 
0.0, 0, 32547200.4040, 25417828.5900, 0.000230000, 0.00000000, 0.000000, 0.0000000, 1.2804871, 1.2804871, 0.00000000, 0.28315, 0.9973364021, 0.000000, 912.670000, 0.0, 0.00000000
1.0, 5, 32547719.7503, 25311813.9715, 0.000790000, 0.00009372, 0.000230, 0.0001363, 1.2858502, 1.2856202, 0.00000000, 0.28828, 0.9973364015, 6.267736, 912.670000, 9.2, 9.19267984
1.8, 15, 32548926.0157, 25224882.4230, 0.002850000, 0.00031481, 0.000654, 0.0004752, 1.2903021, 1.2896484, 0.00000000, 0.29231, 0.9973364001, 11.489678, 912.670000, 7.7, 16.85152824
3.0, 42, 32551916.3794, 25099787.2705, 0.014200000, 0.00087075, 0.002375, 0.0019792, 1.2967810, 1.2944061, 0.00000000, 0.29707, 0.9973363968, 19.117895, 912.670000, 11.2, 28.03957924
6.0, 169, 32566293.9478, 24781757.9866, 0.032800000, 0.00358770, 0.012221, 0.0106123, 1.3135435, 1.3013227, 0.00000000, 0.30399, 0.9973363805, 38.895812, 912.670000, 29.0, 57.04719097
