time, alt, thrust, weight, ADC_guess, ADC_actual, ADC_adj, ADC_error, A_raw, A_total, A_h, A_v, bigG, V_as, V_horiz_mph, V_vert_inc, V_vert 
0.0, 1, 41130659.0829, 25417828.5900, 0.000004155, 0.00000000, 0.000000, 0.0000000, 1.6181815, 1.6181815, 0.00000000, 0.62085, 0.9973364020, 0.000000, 912.670000, 0.0, 0.00000000
1.0, 3, 41131011.7344, 25285744.7295, 0.001745812, 0.00140183, 0.001402, -0.0000003, 1.6266468, 1.6252450, 1.28536933, -0.00260, 0.9971933579, 24.240384, 936.856173, -0.0, 2.37640055
2.0, 6, 41131364.8008, 25153661.1493, 0.007282954, 0.00655792, 0.006558, -0.0000003, 1.6352025, 1.6286446, 1.28782225, -0.00005, 0.9970217230, 52.431532, 965.076923, -0.0, 2.35584037
3.0, 8, 41131717.0873, 25021577.8433, 0.016631391, 0.01552604, 0.015526, -0.0000003, 1.6438484, 1.6283224, 1.28751708, -0.00000, 0.9968447724, 80.678619, 993.332633, -0.0, 2.35548382
4.0, 10, 41132069.3366, 24889494.8115, 0.029750191, 0.02827129, 0.028271, -0.0000003, 1.6525861, 1.6243149, 1.28258522, -0.00000, 0.9966630907, 108.872816, 1021.530970, -0.0, 2.35547764
5.0, 13, 41132421.5613, 24757412.0537, 0.046544059, 0.04470353, 0.044704, -0.0000004, 1.6614170, 1.6167135, 1.27308998, -0.00000, 0.9964773873, 136.910269, 1049.570850, -0.0, 2.35547753
6.0, 15, 41132773.7617, 24625329.5700, 0.066866264, 0.06468076, 0.064681, -0.0000003, 1.6703427, 1.6056619, 1.25917498, -0.00000, 0.9962884270, 164.691483, 1077.353652, -0.0, 2.35547753
7.0, 17, 41133125.9378, 24493247.3603, 0.090521638, 0.08801285, 0.088013, -0.0000003, 1.6793645, 1.5913517, 1.24102884, -0.00000, 0.9960970179, 192.121129, 1104.784416, -0.0, 2.35547753
